{
    "LinearRegression": {
        "coefficients": [
            -0.24896299554260357,
            0.03920698182185871,
            -0.36199857457854157,
            -0.12666818812011252,
            -0.0019988955548183047,
            5.429546136410594,
            0.06571177965062794,
            -0.059826005873766255,
            0.17054850813517713
        ],
        "intercept": 15.33739506679391
    },
    "Ridge": {
        "coefficients": [
            -0.24896323073790566,
            0.0392070767118857,
            -0.36199808641915293,
            -0.1266683274129994,
            -0.0019989052111875055,
            5.4295444523560725,
            0.0657119667544133,
            -0.059825255062141314,
            0.17054866991510884
        ],
        "intercept": 15.337357914074303
    },
    "Lasso": {
        "coefficients": [
            -0.24894741757273667,
            0.039001093028894984,
            -0.3618453932782305,
            -0.12617968946986216,
            -0.0019542114175138264,
            5.4296411813707355,
            0.06578820228342451,
            -0.05970699861168722,
            0.16998745444007876
        ],
        "intercept": 15.322546371315738
    }
}